{"cameraMode":{"drawMode":0,"name":"Shaded","section":"Shading Mode"},"sceneLighting":true,"audioPlay":false,"sceneViewState":{"m_AlwaysRefresh":false,"showFog":true,"showSkybox":true,"showFlares":true,"showImageEffects":true,"showParticleSystems":true,"showVisualEffectGraphs":true,"m_FxEnabled":true},"in2DMode":false,"pivot":{"x":394.9945373535156,"y":166.58993530273438,"z":-604.8233032226563},"rotation":{"x":0.02368752658367157,"y":0.009595345705747605,"z":0.0002295926387887448,"w":-0.9996787905693054},"size":42.29399871826172,"orthographic":true}