{"cameraMode":{"drawMode":0,"name":"Shaded","section":"Shading Mode"},"sceneLighting":true,"audioPlay":false,"sceneViewState":{"showFog":true,"showMaterialUpdate":false,"showSkybox":true,"showFlares":true,"showImageEffects":true,"showParticleSystems":true,"showVisualEffectGraphs":true,"m_FxEnabled":true},"in2DMode":false,"pivot":{"x":-1.4431778192520142,"y":11.829917907714844,"z":15.16301441192627},"rotation":{"x":0.4338863492012024,"y":0.006749107036739588,"z":-0.0032481171656399967,"w":0.9009501338005066},"size":30.07082176208496,"orthographic":false}