{"cameraMode":{"drawMode":0,"name":"Shaded","section":"Shading Mode"},"sceneLighting":true,"audioPlay":false,"sceneViewState":{"m_AlwaysRefresh":false,"showFog":true,"showSkybox":true,"showFlares":true,"showImageEffects":true,"showParticleSystems":true,"showVisualEffectGraphs":true,"m_FxEnabled":true},"in2DMode":false,"pivot":{"x":-12.42190933227539,"y":16.69499969482422,"z":0.45671504735946658},"rotation":{"x":-0.0326663963496685,"y":-0.035658661276102069,"z":-0.0011105979792773724,"w":0.9988638758659363},"size":2.356614112854004,"orthographic":false}